Generaci칩n,Aptitud promedio,Mejor Aptitud,Segunda Mejor Aptitud,Desviaci칩n est치ndar,Duraci칩n Promedio (s),Cantidad de segmentos,Silencio (s),Sonido (s),Umbral (s)
1,280,43.7793471810089,282.52677419354836,3.35,6.570652818991099,337,1.19,1.07,0.09
2,212,43.7793471810089,49.594198250728866,3.35,6.570652818991099,337,1.19,1.07,0.09
3,108,12.026327868852459,34.41357664233577,3.4,6.373672131147541,305,1.19,1.27,0.09
4,128,32.372210144927536,32.998271604938274,7.59,9.21778985507246,276,1.86,0.93,0.09
