Generacion,Aptitud promedio,Mejor Aptitud,Segunda Mejor Aptitud,Desviacion estandar,Duracion Promedio,Cantidad de segmentos,Silencio,Sonido,Umbral
1,181,49.0,92.90521739130435,0.0,0.0,1,2.63,1.21,1.64
2,104,48.0,49.0,0.59,0.59,2,0.18,1.15,1.64
3,68,10.835714285714285,48.0,1.25,2.4142857142857146,42,0.18,1.15,0.56
4,43,8.41675,10.501428571428573,6.01,7.59325,40,1.87,1.15,0.56
